{
    "$schema": "https://schema.management.azure.com/schemas/2015-01-01/deploymentParameters.json#",
    "contentVersion": "1.0.0.0",
    "parameters": {
        "vulnerabilityAssessments_Default_storageContainerPath": {
            "value": null
        },
        "vaults_sskKeyVault2616_name": {
            "value": null
        },
        "workspaces_saisynapseworkspace_name": {
            "value": null
        },
        "storageAccounts_sai2616initialstorage_name": {
            "value": null
        }
    }
}