{
    "$schema": "https://schema.management.azure.com/schemas/2019-04-01/deploymentTemplate.json#",
    "contentVersion": "1.0.0.0",
    "parameters": {
        "vulnerabilityAssessments_Default_storageContainerPath": {
            "type": "SecureString"
        },
        "vaults_sskKeyVault2616_name": {
            "defaultValue": "sskKeyVault2616",
            "type": "String"
        },
        "workspaces_saisynapseworkspace_name": {
            "defaultValue": "saisynapseworkspace",
            "type": "String"
        },
        "storageAccounts_sai2616initialstorage_name": {
            "defaultValue": "sai2616initialstorage",
            "type": "String"
        }
    },
    "variables": {},
    "resources": [
        {
            "type": "Microsoft.KeyVault/vaults",
            "apiVersion": "2023-07-01",
            "name": "[parameters('vaults_sskKeyVault2616_name')]",
            "location": "centralindia",
            "properties": {
                "sku": {
                    "family": "A",
                    "name": "Standard"
                },
                "tenantId": "125f361d-1542-4e88-8224-a6cc09689563",
                "accessPolicies": [],
                "enabledForDeployment": false,
                "enabledForDiskEncryption": false,
                "enabledForTemplateDeployment": false,
                "enableSoftDelete": true,
                "softDeleteRetentionInDays": 90,
                "enableRbacAuthorization": true,
                "vaultUri": "https://sskkeyvault2616.vault.azure.net/",
                "provisioningState": "Succeeded",
                "publicNetworkAccess": "Enabled"
            }
        },
        {
            "type": "Microsoft.Storage/storageAccounts",
            "apiVersion": "2023-01-01",
            "name": "[parameters('storageAccounts_sai2616initialstorage_name')]",
            "location": "southindia",
            "sku": {
                "name": "Standard_RAGRS",
                "tier": "Standard"
            },
            "kind": "StorageV2",
            "properties": {
                "allowCrossTenantReplication": false,
                "minimumTlsVersion": "TLS1_2",
                "allowBlobPublicAccess": false,
                "isHnsEnabled": true,
                "networkAcls": {
                    "bypass": "AzureServices",
                    "virtualNetworkRules": [],
                    "ipRules": [],
                    "defaultAction": "Allow"
                },
                "supportsHttpsTrafficOnly": true,
                "encryption": {
                    "services": {
                        "file": {
                            "keyType": "Account",
                            "enabled": true
                        },
                        "blob": {
                            "keyType": "Account",
                            "enabled": true
                        }
                    },
                    "keySource": "Microsoft.Storage"
                },
                "accessTier": "Hot"
            }
        },
        {
            "type": "Microsoft.Storage/storageAccounts/blobServices",
            "apiVersion": "2023-01-01",
            "name": "[concat(parameters('storageAccounts_sai2616initialstorage_name'), '/default')]",
            "dependsOn": [
                "[resourceId('Microsoft.Storage/storageAccounts', parameters('storageAccounts_sai2616initialstorage_name'))]"
            ],
            "sku": {
                "name": "Standard_RAGRS",
                "tier": "Standard"
            },
            "properties": {
                "cors": {
                    "corsRules": []
                },
                "deleteRetentionPolicy": {
                    "allowPermanentDelete": false,
                    "enabled": false
                }
            }
        },
        {
            "type": "Microsoft.Storage/storageAccounts/fileServices",
            "apiVersion": "2023-01-01",
            "name": "[concat(parameters('storageAccounts_sai2616initialstorage_name'), '/default')]",
            "dependsOn": [
                "[resourceId('Microsoft.Storage/storageAccounts', parameters('storageAccounts_sai2616initialstorage_name'))]"
            ],
            "sku": {
                "name": "Standard_RAGRS",
                "tier": "Standard"
            },
            "properties": {
                "protocolSettings": {
                    "smb": {}
                },
                "cors": {
                    "corsRules": []
                },
                "shareDeleteRetentionPolicy": {
                    "enabled": true,
                    "days": 7
                }
            }
        },
        {
            "type": "Microsoft.Storage/storageAccounts/queueServices",
            "apiVersion": "2023-01-01",
            "name": "[concat(parameters('storageAccounts_sai2616initialstorage_name'), '/default')]",
            "dependsOn": [
                "[resourceId('Microsoft.Storage/storageAccounts', parameters('storageAccounts_sai2616initialstorage_name'))]"
            ],
            "properties": {
                "cors": {
                    "corsRules": []
                }
            }
        },
        {
            "type": "Microsoft.Storage/storageAccounts/tableServices",
            "apiVersion": "2023-01-01",
            "name": "[concat(parameters('storageAccounts_sai2616initialstorage_name'), '/default')]",
            "dependsOn": [
                "[resourceId('Microsoft.Storage/storageAccounts', parameters('storageAccounts_sai2616initialstorage_name'))]"
            ],
            "properties": {
                "cors": {
                    "corsRules": []
                }
            }
        },
        {
            "type": "Microsoft.Synapse/workspaces",
            "apiVersion": "2021-06-01",
            "name": "[parameters('workspaces_saisynapseworkspace_name')]",
            "location": "centralindia",
            "dependsOn": [
                "[resourceId('Microsoft.Storage/storageAccounts', parameters('storageAccounts_sai2616initialstorage_name'))]"
            ],
            "identity": {
                "type": "SystemAssigned"
            },
            "properties": {
                "defaultDataLakeStorage": {
                    "resourceId": "[resourceId('Microsoft.Storage/storageAccounts', parameters('storageAccounts_sai2616initialstorage_name'))]",
                    "createManagedPrivateEndpoint": false,
                    "accountUrl": "https://sai2616initialstorage.dfs.core.windows.net",
                    "filesystem": "filesystem"
                },
                "encryption": {},
                "managedResourceGroupName": "synapseworkspace-managedrg-11f101c0-1404-4a8c-8f62-bf7c363b08b8",
                "sqlAdministratorLogin": "sqladminuser",
                "privateEndpointConnections": [],
                "workspaceRepositoryConfiguration": {
                    "accountName": "saikumar2616",
                    "collaborationBranch": "main",
                    "hostName": "https://github.com",
                    "lastCommitId": "26e1154f592b1820e168761996b47068f98b4370",
                    "repositoryName": "AzurePractise",
                    "rootFolder": "/SynapseAnalytics",
                    "type": "WorkspaceGitHubConfiguration"
                },
                "publicNetworkAccess": "Enabled",
                "cspWorkspaceAdminProperties": {
                    "initialWorkspaceAdminObjectId": "2a16d4a0-0035-4889-ab92-e39aa9e47324"
                },
                "azureADOnlyAuthentication": false,
                "trustedServiceBypassEnabled": false
            }
        },
        {
            "type": "Microsoft.Synapse/workspaces/auditingSettings",
            "apiVersion": "2021-06-01",
            "name": "[concat(parameters('workspaces_saisynapseworkspace_name'), '/Default')]",
            "dependsOn": [
                "[resourceId('Microsoft.Synapse/workspaces', parameters('workspaces_saisynapseworkspace_name'))]"
            ],
            "properties": {
                "retentionDays": 0,
                "auditActionsAndGroups": [],
                "isStorageSecondaryKeyInUse": false,
                "isAzureMonitorTargetEnabled": false,
                "state": "Disabled",
                "storageAccountSubscriptionId": "00000000-0000-0000-0000-000000000000"
            }
        },
        {
            "type": "Microsoft.Synapse/workspaces/azureADOnlyAuthentications",
            "apiVersion": "2021-06-01",
            "name": "[concat(parameters('workspaces_saisynapseworkspace_name'), '/default')]",
            "dependsOn": [
                "[resourceId('Microsoft.Synapse/workspaces', parameters('workspaces_saisynapseworkspace_name'))]"
            ],
            "properties": {
                "azureADOnlyAuthentication": false
            }
        },
        {
            "type": "Microsoft.Synapse/workspaces/bigDataPools",
            "apiVersion": "2021-06-01",
            "name": "[concat(parameters('workspaces_saisynapseworkspace_name'), '/SrvrlesSprkPool')]",
            "location": "centralindia",
            "dependsOn": [
                "[resourceId('Microsoft.Synapse/workspaces', parameters('workspaces_saisynapseworkspace_name'))]"
            ],
            "properties": {
                "sparkVersion": "3.3",
                "nodeCount": 10,
                "nodeSize": "Small",
                "nodeSizeFamily": "MemoryOptimized",
                "autoScale": {
                    "enabled": true,
                    "minNodeCount": 3,
                    "maxNodeCount": 3
                },
                "autoPause": {
                    "enabled": true,
                    "delayInMinutes": 15
                },
                "isComputeIsolationEnabled": false,
                "libraryRequirements": {
                    "filename": "requirements.txt",
                    "content": "camelcase==0.2"
                },
                "sessionLevelPackagesEnabled": false,
                "cacheSize": 50,
                "dynamicExecutorAllocation": {
                    "enabled": false
                },
                "isAutotuneEnabled": false,
                "provisioningState": "Succeeded"
            }
        },
        {
            "type": "Microsoft.Synapse/workspaces/dedicatedSQLminimalTlsSettings",
            "apiVersion": "2021-06-01",
            "name": "[concat(parameters('workspaces_saisynapseworkspace_name'), '/default')]",
            "location": "centralindia",
            "dependsOn": [
                "[resourceId('Microsoft.Synapse/workspaces', parameters('workspaces_saisynapseworkspace_name'))]"
            ],
            "properties": {
                "minimalTlsVersion": "1.2"
            }
        },
        {
            "type": "Microsoft.Synapse/workspaces/extendedAuditingSettings",
            "apiVersion": "2021-06-01",
            "name": "[concat(parameters('workspaces_saisynapseworkspace_name'), '/Default')]",
            "dependsOn": [
                "[resourceId('Microsoft.Synapse/workspaces', parameters('workspaces_saisynapseworkspace_name'))]"
            ],
            "properties": {
                "retentionDays": 0,
                "auditActionsAndGroups": [],
                "isStorageSecondaryKeyInUse": false,
                "isAzureMonitorTargetEnabled": false,
                "state": "Disabled",
                "storageAccountSubscriptionId": "00000000-0000-0000-0000-000000000000"
            }
        },
        {
            "type": "Microsoft.Synapse/workspaces/firewallRules",
            "apiVersion": "2021-06-01",
            "name": "[concat(parameters('workspaces_saisynapseworkspace_name'), '/allowAll')]",
            "dependsOn": [
                "[resourceId('Microsoft.Synapse/workspaces', parameters('workspaces_saisynapseworkspace_name'))]"
            ],
            "properties": {
                "startIpAddress": "0.0.0.0",
                "endIpAddress": "255.255.255.255"
            }
        },
        {
            "type": "Microsoft.Synapse/workspaces/integrationruntimes",
            "apiVersion": "2021-06-01",
            "name": "[concat(parameters('workspaces_saisynapseworkspace_name'), '/AutoResolveIntegrationRuntime')]",
            "dependsOn": [
                "[resourceId('Microsoft.Synapse/workspaces', parameters('workspaces_saisynapseworkspace_name'))]"
            ],
            "properties": {
                "type": "Managed",
                "typeProperties": {
                    "computeProperties": {
                        "location": "AutoResolve"
                    }
                }
            }
        },
        {
            "type": "Microsoft.Synapse/workspaces/securityAlertPolicies",
            "apiVersion": "2021-06-01",
            "name": "[concat(parameters('workspaces_saisynapseworkspace_name'), '/Default')]",
            "dependsOn": [
                "[resourceId('Microsoft.Synapse/workspaces', parameters('workspaces_saisynapseworkspace_name'))]"
            ],
            "properties": {
                "state": "Disabled",
                "disabledAlerts": [
                    ""
                ],
                "emailAddresses": [
                    ""
                ],
                "emailAccountAdmins": false,
                "retentionDays": 0
            }
        },
        {
            "type": "Microsoft.Synapse/workspaces/sqlPools",
            "apiVersion": "2021-06-01",
            "name": "[concat(parameters('workspaces_saisynapseworkspace_name'), '/DedicatedSqlPool')]",
            "location": "centralindia",
            "dependsOn": [
                "[resourceId('Microsoft.Synapse/workspaces', parameters('workspaces_saisynapseworkspace_name'))]"
            ],
            "sku": {
                "name": "DW100c",
                "capacity": 0
            },
            "properties": {
                "maxSizeBytes": 263882790666240,
                "collation": "SQL_Latin1_General_CP1_CI_AS",
                "storageAccountType": "GRS",
                "provisioningState": "Succeeded"
            }
        },
        {
            "type": "Microsoft.Synapse/workspaces/vulnerabilityAssessments",
            "apiVersion": "2021-06-01",
            "name": "[concat(parameters('workspaces_saisynapseworkspace_name'), '/Default')]",
            "dependsOn": [
                "[resourceId('Microsoft.Synapse/workspaces', parameters('workspaces_saisynapseworkspace_name'))]"
            ],
            "properties": {
                "recurringScans": {
                    "isEnabled": false,
                    "emailSubscriptionAdmins": true
                },
                "storageContainerPath": "[parameters('vulnerabilityAssessments_Default_storageContainerPath')]"
            }
        },
        {
            "type": "Microsoft.Storage/storageAccounts/blobServices/containers",
            "apiVersion": "2023-01-01",
            "name": "[concat(parameters('storageAccounts_sai2616initialstorage_name'), '/default/filesystem')]",
            "dependsOn": [
                "[resourceId('Microsoft.Storage/storageAccounts/blobServices', parameters('storageAccounts_sai2616initialstorage_name'), 'default')]",
                "[resourceId('Microsoft.Storage/storageAccounts', parameters('storageAccounts_sai2616initialstorage_name'))]"
            ],
            "properties": {
                "immutableStorageWithVersioning": {
                    "enabled": false
                },
                "defaultEncryptionScope": "$account-encryption-key",
                "denyEncryptionScopeOverride": false,
                "publicAccess": "None"
            }
        },
        {
            "type": "Microsoft.Synapse/workspaces/sqlPools/auditingSettings",
            "apiVersion": "2021-06-01",
            "name": "[concat(parameters('workspaces_saisynapseworkspace_name'), '/DedicatedSqlPool/Default')]",
            "dependsOn": [
                "[resourceId('Microsoft.Synapse/workspaces/sqlPools', parameters('workspaces_saisynapseworkspace_name'), 'DedicatedSqlPool')]",
                "[resourceId('Microsoft.Synapse/workspaces', parameters('workspaces_saisynapseworkspace_name'))]"
            ],
            "properties": {
                "retentionDays": 0,
                "auditActionsAndGroups": [],
                "isStorageSecondaryKeyInUse": false,
                "isAzureMonitorTargetEnabled": false,
                "state": "Disabled",
                "storageAccountSubscriptionId": "00000000-0000-0000-0000-000000000000"
            }
        },
        {
            "type": "Microsoft.Synapse/workspaces/sqlPools/extendedAuditingSettings",
            "apiVersion": "2021-06-01",
            "name": "[concat(parameters('workspaces_saisynapseworkspace_name'), '/DedicatedSqlPool/Default')]",
            "dependsOn": [
                "[resourceId('Microsoft.Synapse/workspaces/sqlPools', parameters('workspaces_saisynapseworkspace_name'), 'DedicatedSqlPool')]",
                "[resourceId('Microsoft.Synapse/workspaces', parameters('workspaces_saisynapseworkspace_name'))]"
            ],
            "properties": {
                "retentionDays": 0,
                "auditActionsAndGroups": [],
                "isStorageSecondaryKeyInUse": false,
                "isAzureMonitorTargetEnabled": false,
                "state": "Disabled",
                "storageAccountSubscriptionId": "00000000-0000-0000-0000-000000000000"
            }
        },
        {
            "type": "Microsoft.Synapse/workspaces/sqlPools/geoBackupPolicies",
            "apiVersion": "2021-06-01",
            "name": "[concat(parameters('workspaces_saisynapseworkspace_name'), '/DedicatedSqlPool/Default')]",
            "location": "Central India",
            "dependsOn": [
                "[resourceId('Microsoft.Synapse/workspaces/sqlPools', parameters('workspaces_saisynapseworkspace_name'), 'DedicatedSqlPool')]",
                "[resourceId('Microsoft.Synapse/workspaces', parameters('workspaces_saisynapseworkspace_name'))]"
            ],
            "properties": {
                "state": "Enabled"
            }
        },
        {
            "type": "Microsoft.Synapse/workspaces/sqlPools/securityAlertPolicies",
            "apiVersion": "2021-06-01",
            "name": "[concat(parameters('workspaces_saisynapseworkspace_name'), '/DedicatedSqlPool/Default')]",
            "dependsOn": [
                "[resourceId('Microsoft.Synapse/workspaces/sqlPools', parameters('workspaces_saisynapseworkspace_name'), 'DedicatedSqlPool')]",
                "[resourceId('Microsoft.Synapse/workspaces', parameters('workspaces_saisynapseworkspace_name'))]"
            ],
            "properties": {
                "state": "Disabled",
                "disabledAlerts": [
                    ""
                ],
                "emailAddresses": [
                    ""
                ],
                "emailAccountAdmins": false,
                "retentionDays": 0
            }
        },
        {
            "type": "Microsoft.Synapse/workspaces/sqlPools/transparentDataEncryption",
            "apiVersion": "2021-06-01",
            "name": "[concat(parameters('workspaces_saisynapseworkspace_name'), '/DedicatedSqlPool/current')]",
            "location": "Central India",
            "dependsOn": [
                "[resourceId('Microsoft.Synapse/workspaces/sqlPools', parameters('workspaces_saisynapseworkspace_name'), 'DedicatedSqlPool')]",
                "[resourceId('Microsoft.Synapse/workspaces', parameters('workspaces_saisynapseworkspace_name'))]"
            ],
            "properties": {
                "status": "Disabled"
            }
        },
        {
            "type": "Microsoft.Synapse/workspaces/sqlPools/vulnerabilityAssessments",
            "apiVersion": "2021-06-01",
            "name": "[concat(parameters('workspaces_saisynapseworkspace_name'), '/DedicatedSqlPool/Default')]",
            "dependsOn": [
                "[resourceId('Microsoft.Synapse/workspaces/sqlPools', parameters('workspaces_saisynapseworkspace_name'), 'DedicatedSqlPool')]",
                "[resourceId('Microsoft.Synapse/workspaces', parameters('workspaces_saisynapseworkspace_name'))]"
            ],
            "properties": {
                "recurringScans": {
                    "isEnabled": false,
                    "emailSubscriptionAdmins": true
                }
            }
        }
    ]
}