{
    "$schema": "https://schema.management.azure.com/schemas/2015-01-01/deploymentParameters.json#",
    "contentVersion": "1.0.0.0",
    "parameters": {
        "vulnerabilityAssessments_Default_storageContainerPath": {
            "value": null
        },
        "servers_ssk2616_name": {
            "value": null
        },
        "vaults_sskVault_name": {
            "value": null
        },
        "actionGroups_emailGroup_name": {
            "value": null
        },
        "metricalerts_FirstAlert_name": {
            "value": null
        },
        "storageAccounts_sskdatalake_name": {
            "value": null
        },
        "templateSpecs_SaiRGTemplate_name": {
            "value": null
        },
        "storageAccounts_adfmngdvnetirstorage_name": {
            "value": null
        },
        "factories_SaikaADFInstance_externalid": {
            "value": null
        }
    }
}